,song_name,artist_name,key_scale,dynamic_complexity,happy,non_happy,arousal,valence,danceability,aggressive,non_aggressive,sad,non_sad,relaxed,non_relaxed,party,non_party
קאקדילה - Omer Adam,קאקדילה,Omer Adam,minor,4.452235698699951,0.1654031425714492,0.8345968723297119,5.032931804656982,4.959092140197754,1.2189091444015503,0.0728776156902313,0.9271224141120912,0.5864171981811523,0.41358283162117,0.2097902297973632,0.7902097702026367,0.5712254643440247,0.4287745952606201
"אפס מאמץ - Static & Ben El, Netta",אפס מאמץ,"Static & Ben El, Netta",-9999,-9999.0,-9999.0,-9999.0,-9999.0,-9999.0,-9999.0,-9999.0,-9999.0,-9999.0,-9999.0,-9999.0,-9999.0,-9999.0,-9999.0
"STAY (with Justin Bieber) - The Kid LAROI, Justin Bieber",STAY (with Justin Bieber),"The Kid LAROI, Justin Bieber",-9999,-9999.0,-9999.0,-9999.0,-9999.0,-9999.0,-9999.0,-9999.0,-9999.0,-9999.0,-9999.0,-9999.0,-9999.0,-9999.0,-9999.0
הולכת איתך - Narkis,הולכת איתך,Narkis,minor,3.609241008758545,0.155115395784378,0.8448845744132996,4.786541938781738,4.661431312561035,1.2571276426315308,0.6112023591995239,0.3887977004051208,0.8743352293968201,0.1256647706031799,0.7110776901245117,0.2889222502708435,0.1959458887577057,0.8040540814399719
"Enemy (with JID) - from the series Arcane League of Legends - Imagine Dragons, JID, Arcane, League of Legends",Enemy (with JID) - from the series Arcane League of Legends,"Imagine Dragons, JID, Arcane, League of Legends",-9999,-9999.0,-9999.0,-9999.0,-9999.0,-9999.0,-9999.0,-9999.0,-9999.0,-9999.0,-9999.0,-9999.0,-9999.0,-9999.0,-9999.0
Heat Waves - Glass Animals,Heat Waves,Glass Animals,major,5.493142604827881,0.1378686726093292,0.8621313571929932,5.490515232086182,5.3527421951293945,1.0427595376968384,0.2606712281703949,0.7393287420272827,0.9240286946296692,0.075971283018589,0.5759890079498291,0.4240109622478485,0.1412937641143798,0.8587061762809753
Pepas - Farruko,Pepas,Farruko,major,3.2949025630950928,0.0099240094423294,0.9900760054588318,5.191349029541016,6.063779354095459,1.2179380655288696,0.718363881111145,0.281636118888855,0.926709234714508,0.0732907652854919,0.4170479774475097,0.582952082157135,0.560594916343689,0.4394051134586334
"INDUSTRY BABY (feat. Jack Harlow) - Lil Nas X, Jack Harlow",INDUSTRY BABY (feat. Jack Harlow),"Lil Nas X, Jack Harlow",-9999,-9999.0,-9999.0,-9999.0,-9999.0,-9999.0,-9999.0,-9999.0,-9999.0,-9999.0,-9999.0,-9999.0,-9999.0,-9999.0,-9999.0
חורף באוטו - Omer Adam,חורף באוטו,Omer Adam,major,6.194581031799316,0.1170748248696327,0.8829252123832703,4.180234432220459,4.279860973358154,1.1317119598388672,0.226619690656662,0.7733803391456604,0.701437771320343,0.2985621690750122,0.3683538138866424,0.6316462159156799,0.4111674427986145,0.5888324975967407
היי בייב - Tuna,היי בייב,Tuna,minor,4.279330730438232,0.0883740410208702,0.9116259813308716,4.4173197746276855,4.419670104980469,1.3695682287216189,0.6149941086769104,0.3850058913230896,0.798343300819397,0.2016567140817642,0.6264243125915527,0.373575747013092,0.4149517714977264,0.585048258304596
love nwantiti (ah ah ah) - CKay,love nwantiti (ah ah ah),CKay,-9999,-9999.0,-9999.0,-9999.0,-9999.0,-9999.0,-9999.0,-9999.0,-9999.0,-9999.0,-9999.0,-9999.0,-9999.0,-9999.0,-9999.0
Easy On Me - Adele,Easy On Me,Adele,major,10.76582145690918,0.0891357287764549,0.910864233970642,4.392168998718262,4.9659624099731445,1.050906538963318,0.1835554540157318,0.8164445757865906,0.6550130248069763,0.344987004995346,0.165259763598442,0.834740161895752,0.5730445981025696,0.4269554018974304
חצי דפוק - Omer Adam,חצי דפוק,Omer Adam,major,3.786165237426758,0.1432858407497406,0.8567141890525818,5.1368184089660645,5.035973072052002,1.2611479759216309,0.1849085241556167,0.8150914311408997,0.8389472365379333,0.1610527336597442,0.4499264359474182,0.5500735640525818,0.4412371218204498,0.5587629079818726
abcdefu - GAYLE,abcdefu,GAYLE,minor,3.9868128299713135,0.107358805835247,0.8926411867141724,5.157574653625488,5.566329002380371,1.1535667181015017,0.4819782078266144,0.5180217623710632,0.7087708711624146,0.2912291884422302,0.4945273697376251,0.5054726600646973,0.3378876447677612,0.662112295627594
"באתי להציל אותך - Agam Buhbut, Shahar Saul",באתי להציל אותך,"Agam Buhbut, Shahar Saul",minor,4.193586826324463,0.2178307771682739,0.7821692228317261,5.290939331054688,4.954988479614258,1.079528570175171,0.2963540256023407,0.7036460041999817,0.8822711706161499,0.1177287697792053,0.5954703688621521,0.4045296609401703,0.253897875547409,0.7461020946502686
Bad Habits - Ed Sheeran,Bad Habits,Ed Sheeran,minor,3.305598020553589,0.1000375971198082,0.8999624252319336,4.58023738861084,4.600828170776367,1.2700320482254028,0.6598000526428223,0.3401999473571777,0.863067626953125,0.1369324177503585,0.7367210388183594,0.2632789313793182,0.2365019768476486,0.763498067855835
"רעשים - Osher Cohen, Noa Kirel",רעשים,"Osher Cohen, Noa Kirel",major,5.156702518463135,0.0316989012062549,0.9683010578155518,4.111141204833984,4.378161430358887,1.0159536600112915,0.1962973922491073,0.8037025928497314,0.5400374531745911,0.4599625766277313,0.2164187133312225,0.7835813164710999,0.4433812201023102,0.5566188097000122
"Cold Heart - PNAU Remix - Elton John, Dua Lipa, PNAU",Cold Heart - PNAU Remix,"Elton John, Dua Lipa, PNAU",major,4.871096134185791,0.0520461313426494,0.9479538798332214,4.063948631286621,4.577731132507324,1.239037036895752,0.3322832286357879,0.6677167415618896,0.6394753456115723,0.3605247139930725,0.2571902573108673,0.7428097128868103,0.4179433584213257,0.5820567011833191
Shivers - Ed Sheeran,Shivers,Ed Sheeran,major,3.551146507263184,0.0059684393927454,0.9940314888954164,3.616345882415772,4.599686622619629,1.1652158498764038,0.0422057062387466,0.9577943086624146,0.36111781001091,0.6388821601867676,0.0241020303219556,0.9758979678153992,0.8338269591331482,0.1661730259656906
אם הייתי צריכה - Odeya,אם הייתי צריכה,Odeya,major,5.86335563659668,0.0077553205192089,0.9922446608543396,3.8212170600891113,4.851199150085449,1.061436653137207,0.0326279290020465,0.9673721194267272,0.3121213018894195,0.6878787279129028,0.0168690718710422,0.983130931854248,0.8633856177330017,0.136614441871643
"פילטרים יפים - Eden Ben Zaken, Eden Hason",פילטרים יפים,"Eden Ben Zaken, Eden Hason",major,4.4702677726745605,0.0059684393927454,0.9940314888954164,3.616345882415772,4.599686622619629,1.096340298652649,0.0422057062387466,0.9577943086624146,0.36111781001091,0.6388821601867676,0.0241020303219556,0.9758979678153992,0.8338269591331482,0.1661730259656906
"ביחד - Marina Maximilian, Guy Mentesh",ביחד,"Marina Maximilian, Guy Mentesh",major,7.227883338928223,0.0281312111765146,0.9718688130378724,4.841093063354492,5.557464122772217,1.1018059253692627,0.2232154160737991,0.7767845392227173,0.4825518429279327,0.5174481272697449,0.1406751722097396,0.8593248724937439,0.6317691206932068,0.3682308197021484
יחפים - Jasmin Moallem,יחפים,Jasmin Moallem,major,5.801971435546875,0.0078832227736711,0.9921167492866516,3.779279947280884,4.68713903427124,1.021230697631836,0.0502912513911724,0.9497087001800536,0.3633940517902374,0.636605978012085,0.0280086509883403,0.9719913601875304,0.7854164838790894,0.2145835012197494
Woman - Doja Cat,Woman,Doja Cat,major,4.573262691497803,0.1896315962076187,0.8103684186935425,3.900267601013184,4.104105472564697,1.4529414176940918,0.2519906759262085,0.7480093240737915,0.5601034164428711,0.4398965835571289,0.2503562867641449,0.7496436834335327,0.5362072587013245,0.4637927412986755
בית משוגעים - Ran Danker,בית משוגעים,Ran Danker,minor,3.777141571044922,0.3323431611061096,0.6676568984985352,4.772275447845459,4.606555461883545,1.1775031089782717,0.3680731654167175,0.6319268345832825,0.8285093307495117,0.1714906841516494,0.5206112861633301,0.4793887138366699,0.3992510437965393,0.6007489562034607
"מגבת באוויר - NOROZ, Ido B & Zooki",מגבת באוויר,"NOROZ, Ido B & Zooki",-9999,-9999.0,-9999.0,-9999.0,-9999.0,-9999.0,-9999.0,-9999.0,-9999.0,-9999.0,-9999.0,-9999.0,-9999.0,-9999.0,-9999.0
MONTERO (Call Me By Your Name) - Lil Nas X,MONTERO (Call Me By Your Name),Lil Nas X,-9999,-9999.0,-9999.0,-9999.0,-9999.0,-9999.0,-9999.0,-9999.0,-9999.0,-9999.0,-9999.0,-9999.0,-9999.0,-9999.0,-9999.0
סיבת הסיבות - Ishay Ribo,סיבת הסיבות,Ishay Ribo,major,4.4799089431762695,0.075960136950016,0.924039900302887,4.294299125671387,4.429819107055664,1.1858227252960205,0.221272200345993,0.7787277698516846,0.5477980971336365,0.4522019028663635,0.3344213366508484,0.6655787229537964,0.5218534469604492,0.4781465828418731
"סחרחורת & בדד - Omer Adam, Tuna",סחרחורת & בדד,"Omer Adam, Tuna",-9999,-9999.0,-9999.0,-9999.0,-9999.0,-9999.0,-9999.0,-9999.0,-9999.0,-9999.0,-9999.0,-9999.0,-9999.0,-9999.0,-9999.0
רסיסים - Raviv Kaner,רסיסים,Raviv Kaner,major,5.685647010803223,0.005968437064439,0.9940316081047058,3.616345405578613,4.599686622619629,1.044946551322937,0.0422057211399078,0.9577942490577698,0.3611178398132324,0.6388821601867676,0.0241020247340202,0.9758979678153992,0.8338269591331482,0.166173055768013
שבוע טוב - Avraham Tal,שבוע טוב,Avraham Tal,minor,3.89816951751709,0.2296150624752044,0.7703849673271179,5.267634391784668,5.175257682800293,1.1268495321273804,0.2047916799783706,0.7952083349227905,0.8524540066719055,0.1475460082292556,0.504580020904541,0.4954199194908142,0.3208369612693786,0.6791630387306213
אני כבר לא בך - Itay Levi,אני כבר לא בך,Itay Levi,major,6.800208568572998,0.2427453100681305,0.7572546601295471,5.081290245056152,4.965185642242432,1.0887166261672974,0.1819212287664413,0.8180788159370422,0.7478361129760742,0.2521638572216034,0.4804312884807586,0.5195687413215637,0.2856405377388,0.7143594622612
מדליקה לי הכל - Eden Hason,מדליקה לי הכל,Eden Hason,minor,4.583694934844971,0.1705946177244186,0.8294054269790649,4.827615261077881,4.793134689331055,1.1806057691574097,0.105125643312931,0.8948743939399719,0.6632310748100281,0.3367688655853271,0.282903105020523,0.7170968651771545,0.5150750279426575,0.4849249720573425
מה פספסתי - Eden Hason,מה פספסתי,Eden Hason,minor,4.293644428253174,0.1390581429004669,0.8609418869018555,4.629971027374268,4.597744941711426,1.363166093826294,0.309779018163681,0.6902210116386414,0.8193967938423157,0.1806032061576843,0.5106383562088013,0.4893616437911987,0.6444493532180786,0.3555506765842438
השמלה החדשה שלי - Ran Danker,השמלה החדשה שלי,Ran Danker,major,3.821175813674927,0.0469104945659637,0.9530895352363586,4.1512956619262695,4.438148498535156,1.3809984922409058,0.128895416855812,0.8711045384407043,0.4846966564655304,0.5153033137321472,0.1355322897434234,0.8644677400588989,0.6834999918937683,0.3165000081062317
לא להיות לבד - Mergui,לא להיות לבד,Mergui,major,2.896117687225342,0.2422540783882141,0.7577459216117859,4.507412433624268,4.425904273986816,1.5457755327224731,0.2865676283836365,0.7134323716163635,0.6879919767379761,0.3120079636573791,0.4283023178577423,0.5716976523399353,0.4626551866531372,0.5373448133468628
מה קרה - Eden Ben Zaken,מה קרה,Eden Ben Zaken,major,4.349318981170654,0.0095872543752193,0.9904127717018129,3.66654896736145,4.71177864074707,1.1084043979644775,0.0604541338980197,0.9395458102226256,0.3759353756904602,0.6240646243095398,0.0374653562903404,0.9625346660614014,0.7979303002357483,0.2020697146654129
שמש - Hanan Ben Ari,שמש,Hanan Ben Ari,major,4.069552898406982,0.1009355634450912,0.8990644216537476,4.7237067222595215,4.711956977844238,0.9597861766815186,0.1944182813167572,0.8055817484855652,0.7064712643623352,0.2935287356376648,0.4263067543506622,0.5736932158470154,0.3149132430553436,0.6850867867469788
הטעות הכי יפה - Itay Levi,הטעות הכי יפה,Itay Levi,major,5.745957374572754,0.019987454637885,0.980012595653534,4.636890411376953,5.369419097900391,1.037903070449829,0.241422563791275,0.7585774660110474,0.5195359587669373,0.4804640710353851,0.1162573471665382,0.88374263048172,0.5103886723518372,0.4896113574504852
שקיעות אדומות - Eden Hason,שקיעות אדומות,Eden Hason,major,6.9234819412231445,0.1862655729055404,0.8137344717979431,6.285632610321045,5.6370134353637695,0.9568243026733398,0.4290245175361633,0.5709755420684814,0.970711350440979,0.0292885825037956,0.7555359601974487,0.2444640100002288,0.1217997297644615,0.8782002925872803
לא מרגיש טוב - Eden Hason,לא מרגיש טוב,Eden Hason,major,4.848915100097656,0.327300876379013,0.6726991534233093,5.48795747756958,5.131300449371338,1.181363224983215,0.6644477844238281,0.3355522751808166,0.9611210823059082,0.0388789661228656,0.7848519086837769,0.2151481062173843,0.1460471451282501,0.8539528846740723
THATS WHAT I WANT - Lil Nas X,THATS WHAT I WANT,Lil Nas X,minor,5.379121780395508,0.3190717101097107,0.6809283494949341,4.461594581604004,4.686963081359863,1.1508684158325195,0.092067539691925,0.9079325199127196,0.5556000471115112,0.4443999528884887,0.2969335317611694,0.7030664682388306,0.3669354021549225,0.6330646276473999
good 4 u - Olivia Rodrigo,good 4 u,Olivia Rodrigo,major,6.078299045562744,0.0149201499298214,0.985079824924469,3.939528703689575,4.885006904602051,0.9764867424964904,0.0832965075969696,0.9167035222053528,0.4185173809528351,0.5814826488494873,0.0623510219156742,0.9376489520072936,0.6508118510246277,0.3491881191730499
Toxic - BoyWithUke,Toxic,BoyWithUke,minor,4.018256664276123,0.2515965402126312,0.7484034299850464,5.061395645141602,4.941875457763672,1.2085471153259275,0.227165937423706,0.772834062576294,0.8633264303207397,0.136673554778099,0.502535879611969,0.497464120388031,0.4006496071815491,0.5993503928184509
אין מאושר ממני - Eliad,אין מאושר ממני,Eliad,major,5.991064548492432,0.0102104088291525,0.9897895455360411,3.9044508934021,4.934584617614746,1.1192783117294312,0.0503193512558937,0.9496806263923644,0.3749001920223236,0.625099778175354,0.0339495949447155,0.9660504460334778,0.8271878361701965,0.1728121936321258
דפוק עם תעודות - Eyal Golan,דפוק עם תעודות,Eyal Golan,minor,4.5842061042785645,0.2594970464706421,0.7405029535293579,5.2872700691223145,4.979261875152588,1.0275933742523191,0.3028230667114258,0.6971768736839294,0.8894587159156799,0.110541321337223,0.5716262459754944,0.4283737540245056,0.2668946981430053,0.7331053018569946
סהרה - Tuna,סהרה,Tuna,minor,4.028371334075928,0.0297838244587183,0.9702161550521852,4.686197280883789,4.652378082275391,1.1666558980941772,0.3436276912689209,0.6563723683357239,0.7327134013175964,0.2672865688800812,0.3259840905666351,0.6740159392356873,0.5503796339035034,0.4496203362941742
"Do It To It - ACRAZE, Cherish",Do It To It,"ACRAZE, Cherish",minor,6.122622013092041,0.005968437064439,0.9940316081047058,3.616345405578613,4.599686622619629,1.1561020612716677,0.0422057211399078,0.9577942490577698,0.3611178398132324,0.6388821601867676,0.0241020247340202,0.9758979678153992,0.8338269591331482,0.166173055768013
Infinity - Jaymes Young,Infinity,Jaymes Young,minor,2.891300916671753,0.2335817217826843,0.7664183378219604,5.156288146972656,4.637452125549316,1.1256625652313232,0.3853292465209961,0.6146707534790039,0.9323174357414246,0.0676825642585754,0.638080894947052,0.3619191348552704,0.4987810850143432,0.5012189745903015
זוגות כאלה - Osher Cohen,זוגות כאלה,Osher Cohen,major,6.9080305099487305,0.0649139434099197,0.9350860118865968,5.404047012329102,5.542572021484375,1.0408624410629272,0.8134775161743164,0.1865224391222,0.897853672504425,0.1021463721990585,0.7563550472259521,0.2436450272798538,0.1781080067157745,0.8218920230865479
"טרילילי טרללה - Noa Kirel, Ilan Peled",טרילילי טרללה,"Noa Kirel, Ilan Peled",minor,4.352431774139404,0.1690980345010757,0.8309019207954407,4.446307182312012,4.403380870819092,1.2214246988296509,0.1753740459680557,0.8246259689331055,0.743984580039978,0.2560153603553772,0.3959485590457916,0.6040514707565308,0.3553726077079773,0.6446273326873779
אלוף העולם - Hanan Ben Ari,אלוף העולם,Hanan Ben Ari,minor,5.1622748374938965,0.1296133995056152,0.87038654088974,4.348302841186523,4.509061813354492,1.0976293087005615,0.8134213089942932,0.1865786910057068,0.8577139377593994,0.1422860771417617,0.6567971706390381,0.3432028591632843,0.2479283213615417,0.7520716786384583
Blinding Lights - The Weeknd,Blinding Lights,The Weeknd,minor,3.507943630218506,0.1885546594858169,0.8114452958106995,4.8085527420043945,4.604272842407227,1.0910296440124512,0.2794166505336761,0.7205833792686462,0.760962188243866,0.239037811756134,0.5068750381469727,0.4931249618530273,0.3262737095355987,0.6737263202667236
"תל אביב זה אני ואת - Amir Ve Ben, Jane Bordeaux, Amir Sade",תל אביב זה אני ואת,"Amir Ve Ben, Jane Bordeaux, Amir Sade",major,3.819947004318237,0.2613606750965118,0.7386393547058105,4.386598587036133,4.497241497039795,1.2340832948684692,0.4868769347667694,0.513123095035553,0.8325876593589783,0.1674123406410217,0.5204786658287048,0.4795213043689728,0.2860082685947418,0.7139917016029358
"השמיים נעולים - Doli & Penn, Ivri Lider, Peled, Ella Lee",השמיים נעולים,"Doli & Penn, Ivri Lider, Peled, Ella Lee",-9999,-9999.0,-9999.0,-9999.0,-9999.0,-9999.0,-9999.0,-9999.0,-9999.0,-9999.0,-9999.0,-9999.0,-9999.0,-9999.0,-9999.0
אם תרצי - Hanan Ben Ari,אם תרצי,Hanan Ben Ari,minor,5.647458076477051,0.054471768438816,0.945528209209442,4.437587261199951,4.918307304382324,1.3321503400802612,0.2676505148410797,0.7323495149612427,0.5034734606742859,0.4965265393257141,0.1514663845300674,0.848533570766449,0.5225557684898376,0.4774442315101623
Beggin' - Måneskin,Beggin',Måneskin,-9999,-9999.0,-9999.0,-9999.0,-9999.0,-9999.0,-9999.0,-9999.0,-9999.0,-9999.0,-9999.0,-9999.0,-9999.0,-9999.0,-9999.0
"My Universe - Coldplay, BTS",My Universe,"Coldplay, BTS",major,5.045135498046875,0.0060732862912118,0.9939267039299012,3.709818840026856,4.725003719329834,1.1725525856018066,0.0584478601813316,0.9415521025657654,0.3742252290248871,0.6257747411727905,0.0283270645886659,0.9716729521751404,0.7812676429748535,0.2187324166297912
גדל לי קצת זקן - Eden Hason,גדל לי קצת זקן,Eden Hason,major,4.6908769607543945,0.2211062312126159,0.778893768787384,5.172543048858643,4.840823173522949,1.0824061632156372,0.184464231133461,0.815535843372345,0.8195810317993164,0.1804189234972,0.4970115125179291,0.5029884576797485,0.3318315744400024,0.6681684851646423
"Smokin Out The Window - Bruno Mars, Anderson .Paak, Silk Sonic",Smokin Out The Window,"Bruno Mars, Anderson .Paak, Silk Sonic",major,3.69400405883789,0.1182751804590225,0.8817247748374939,4.900057315826416,4.706884384155273,1.159089207649231,0.2593356966972351,0.7406642436981201,0.9021682739257812,0.0978317037224769,0.4735548794269562,0.5264450907707214,0.6038680076599121,0.3961319625377655
"Moth To A Flame (with The Weeknd) - Swedish House Mafia, The Weeknd",Moth To A Flame (with The Weeknd),"Swedish House Mafia, The Weeknd",-9999,-9999.0,-9999.0,-9999.0,-9999.0,-9999.0,-9999.0,-9999.0,-9999.0,-9999.0,-9999.0,-9999.0,-9999.0,-9999.0,-9999.0
כל הכוכבים - Tuna,כל הכוכבים,Tuna,minor,5.633679866790772,0.0516594722867012,0.9483405351638794,4.545254230499268,5.45699405670166,1.1182968616485596,0.1912382096052169,0.8087617754936218,0.8136413097381592,0.186358630657196,0.3188520967960357,0.6811479330062866,0.6816206574440002,0.3183793723583221
נשלים את הכל - Raviv Kaner,נשלים את הכל,Raviv Kaner,major,4.939391613006592,0.0055661178193986,0.9944339394569396,3.79512357711792,4.79415225982666,1.1935607194900513,0.0510001443326473,0.94899982213974,0.4079748094081878,0.5920252203941345,0.0252014175057411,0.974798619747162,0.7528041005134583,0.2471958994865417
"קריוקי - Tuna, Peer Tasi",קריוקי,"Tuna, Peer Tasi",major,3.20194149017334,0.0410617068409919,0.9589383006095886,4.725013732910156,4.847517967224121,1.2289785146713257,0.364409476518631,0.6355905532836914,0.8063921332359314,0.1936078369617462,0.6927012801170349,0.3072987794876098,0.2367004156112671,0.7632995843887329
רוצה שלום - Raviv Kaner,רוצה שלום,Raviv Kaner,minor,4.496678352355957,0.2199063897132873,0.7800936102867126,4.669680595397949,4.839885234832764,1.040182113647461,0.446100503206253,0.5538995265960693,0.8431137800216675,0.1568861603736877,0.5546494126319885,0.4453505277633667,0.3641677498817444,0.6358322501182556
"‏קורבן - Ravid Plotnik, Sima Noon",‏קורבן,"Ravid Plotnik, Sima Noon",minor,2.6122193336486816,0.090117335319519,0.9098827242851256,4.772790431976318,4.803492546081543,1.0702377557754517,0.7214351296424866,0.278564840555191,0.8449920415878296,0.1550079435110092,0.581183910369873,0.4188160896301269,0.1758020967245102,0.8241978883743286
לחזור הביתה - Hatikva 6,לחזור הביתה,Hatikva 6,major,5.389208793640137,0.1429486870765686,0.8570513129234314,5.414301872253418,4.960760116577148,1.0635706186294556,0.3487708270549774,0.6512291431427002,0.9144384264945984,0.0855616331100463,0.6407173871994019,0.3592826426029205,0.3425420224666595,0.6574580073356628
שרק תחייך - Yuval Dayan,שרק תחייך,Yuval Dayan,major,4.513154029846191,0.2400847673416137,0.7599152326583862,5.207247734069824,5.05255126953125,1.0095491409301758,0.499486356973648,0.5005136132240295,0.9457108974456788,0.0542890951037406,0.7790363430976868,0.2209636569023132,0.3500655889511108,0.6499344110488892
"One Right Now (with The Weeknd) - Post Malone, The Weeknd",One Right Now (with The Weeknd),"Post Malone, The Weeknd",-9999,-9999.0,-9999.0,-9999.0,-9999.0,-9999.0,-9999.0,-9999.0,-9999.0,-9999.0,-9999.0,-9999.0,-9999.0,-9999.0,-9999.0
"Save Your Tears (with Ariana Grande) (Remix) - The Weeknd, Ariana Grande",Save Your Tears (with Ariana Grande) (Remix),"The Weeknd, Ariana Grande",-9999,-9999.0,-9999.0,-9999.0,-9999.0,-9999.0,-9999.0,-9999.0,-9999.0,-9999.0,-9999.0,-9999.0,-9999.0,-9999.0,-9999.0
שלמים - Idan Rafael Haviv,שלמים,Idan Rafael Haviv,major,6.416750907897949,0.1390666514635086,0.8609333038330078,4.261067390441895,4.373523712158203,1.0266069173812866,0.5778189897537231,0.4221810102462768,0.8838365077972412,0.1161635369062423,0.5742422938346863,0.4257577657699585,0.3265987038612366,0.6734012961387634
"Kiss Me More (feat. SZA) - Doja Cat, SZA",Kiss Me More (feat. SZA),"Doja Cat, SZA",-9999,-9999.0,-9999.0,-9999.0,-9999.0,-9999.0,-9999.0,-9999.0,-9999.0,-9999.0,-9999.0,-9999.0,-9999.0,-9999.0,-9999.0
Watermelon Sugar - Harry Styles,Watermelon Sugar,Harry Styles,major,3.988373279571533,0.0059684393927454,0.9940314888954164,3.616345882415772,4.599686622619629,1.0667160749435425,0.0422057062387466,0.9577943086624146,0.36111781001091,0.6388821601867676,0.0241020303219556,0.9758979678153992,0.8338269591331482,0.1661730259656906
פרצופים - Omer Adam,פרצופים,Omer Adam,minor,4.682557106018066,0.0718907788395881,0.9281092882156372,4.937213897705078,5.025341987609863,1.1780753135681152,0.7112098932266235,0.2887901663780212,0.8584079742431641,0.1415920555591583,0.7296582460403442,0.2703417539596557,0.1867266148328781,0.8132734298706055
Modern Love - Geva Alon,Modern Love,Geva Alon,major,6.29326057434082,0.0112964324653148,0.9887035489082336,4.691912651062012,5.506939888000488,1.0370855331420898,0.3919121026992798,0.6080878973007202,0.7930679321289062,0.2069320976734161,0.2630661129951477,0.7369338274002075,0.6089051961898804,0.391094833612442
"מסיבה - Jasmin Moallem, Shekel",מסיבה,"Jasmin Moallem, Shekel",major,3.803324699401856,0.3046996295452118,0.6953004002571106,4.720063209533691,4.82347583770752,0.991445779800415,0.5532695651054382,0.4467304646968841,0.9254760146141052,0.0745240449905395,0.7053709626197815,0.2946290075778961,0.2210778594017028,0.7789221405982971
מקום - Hanan Ben Ari,מקום,Hanan Ben Ari,minor,5.369884490966797,0.1284241080284118,0.8715759515762329,4.996004104614258,4.924206256866455,0.9733231663703918,0.3608936071395874,0.6391064524650574,0.8661860227584839,0.1338139325380325,0.653024435043335,0.3469755947589874,0.267667144536972,0.7323328852653503
יודעת לסובב - Tuna,יודעת לסובב,Tuna,minor,5.040520191192627,0.2469976991415023,0.7530022859573364,4.514132499694824,4.64574146270752,1.256437063217163,0.5816996693611145,0.4183003306388855,0.8704383969306946,0.1295616030693054,0.6514648795127869,0.3485351204872131,0.2846363484859466,0.715363621711731
The Business - Tiësto,The Business,Tiësto,minor,7.134556293487549,0.1439113169908523,0.8560887575149536,4.544266700744629,5.045699596405029,1.1612533330917358,0.2714462578296661,0.7285537123680115,0.8926070928573608,0.1073929592967033,0.5448184609413147,0.4551815390586853,0.3023506104946136,0.697649359703064
אמן על הילדים - Hanan Ben Ari,אמן על הילדים,Hanan Ben Ari,minor,5.365824222564697,0.079971857368946,0.9200281500816344,5.021668434143066,5.82487678527832,0.9866586327552797,0.229666382074356,0.7703335881233215,0.7267487645149231,0.2732512950897217,0.204195961356163,0.795803964138031,0.7898662090301514,0.2101338505744934
Sweater Weather - The Neighbourhood,Sweater Weather,The Neighbourhood,major,4.795104026794434,0.00596843380481,0.9940316081047058,3.616345405578613,4.599686622619629,0.9930211901664734,0.0422057174146175,0.9577943086624146,0.36111781001091,0.6388821601867676,0.0241020079702138,0.9758979678153992,0.8338270783424377,0.1661729514598846
"מי לא יבוא - Avraham Tal, Benaia Barabi",מי לא יבוא,"Avraham Tal, Benaia Barabi",minor,5.023874759674072,0.0064824777655303,0.993517518043518,3.832713842391968,4.963008403778076,1.2976235151290894,0.0415694825351238,0.9584305882453918,0.289711594581604,0.710288405418396,0.020147455856204,0.979852557182312,0.8537178635597229,0.1462820768356323
ממתק - Eden Ben Zaken,ממתק,Eden Ben Zaken,minor,5.046255111694336,0.1359838545322418,0.8640161156654358,4.112853050231934,4.484684944152832,1.3027548789978027,0.2706353366374969,0.7293646335601807,0.7206568121910095,0.2793431878089905,0.3197241127490997,0.6802758574485779,0.4959763884544372,0.5040236115455627
"Peaches (feat. Daniel Caesar & Giveon) - Justin Bieber, Daniel Caesar, Giveon",Peaches (feat. Daniel Caesar & Giveon),"Justin Bieber, Daniel Caesar, Giveon",-9999,-9999.0,-9999.0,-9999.0,-9999.0,-9999.0,-9999.0,-9999.0,-9999.0,-9999.0,-9999.0,-9999.0,-9999.0,-9999.0,-9999.0
שימי - Tuna,שימי,Tuna,minor,3.23070764541626,0.274591863155365,0.725408136844635,4.620966911315918,4.609626770019531,1.3048443794250488,0.4178406000137329,0.5821593999862671,0.7984516620635986,0.2015483826398849,0.5663654804229736,0.4336345493793487,0.3502363562583923,0.6497635841369629
אהבה כמו שלנו - Sarit Hadad,אהבה כמו שלנו,Sarit Hadad,major,7.481453895568848,0.1219832897186279,0.8780167698860168,4.183022499084473,4.630807876586914,1.0761759281158447,0.3437213599681854,0.656278669834137,0.6848626732826233,0.3151373267173767,0.3834365010261535,0.6165634989738464,0.4357442557811737,0.5642557740211487
Bad Little Thing - Noa Kirel,Bad Little Thing,Noa Kirel,major,3.4279677867889404,0.0287699550390243,0.9712300300598145,4.559450626373291,5.71046257019043,1.0193496942520142,0.2159114927053451,0.7840885519981384,0.573198676109314,0.426801323890686,0.1068756580352783,0.8931243419647217,0.6743430495262146,0.325656920671463
Need to Know - Doja Cat,Need to Know,Doja Cat,minor,3.3969566822052,0.2155281454324722,0.784471869468689,4.006697177886963,4.119710922241211,1.085215449333191,0.3071744441986084,0.6928255558013916,0.6930204629898071,0.3069795072078705,0.4091729521751404,0.5908271074295044,0.3465788662433624,0.6534211039543152
"תרוצי אליו - Doli & Penn, Beit Habubot, Rotem Cohen",תרוצי אליו,"Doli & Penn, Beit Habubot, Rotem Cohen",-9999,-9999.0,-9999.0,-9999.0,-9999.0,-9999.0,-9999.0,-9999.0,-9999.0,-9999.0,-9999.0,-9999.0,-9999.0,-9999.0,-9999.0
מחילה - Jasmin Moallem,מחילה,Jasmin Moallem,major,6.299579620361328,0.0299936421215534,0.9700063467025756,4.154850959777832,5.03920841217041,1.069215178489685,0.1109349057078361,0.8890650868415833,0.5906466841697693,0.4093533158302307,0.1090741604566574,0.8909257650375366,0.6034067869186401,0.3965931832790375
Happier Than Ever - Billie Eilish,Happier Than Ever,Billie Eilish,major,5.06817102432251,0.0070733930915594,0.99292653799057,3.5537171363830566,4.473211765289307,0.9453755021095276,0.037974763661623,0.962025225162506,0.3666519224643707,0.6333481073379517,0.0210446007549762,0.9789553880691528,0.8722327947616577,0.1277672052383422
"מקום לשנינו – A place for both of us - Idan Amedi, Malu",מקום לשנינו – A place for both of us,"Idan Amedi, Malu",minor,5.828635215759277,0.1157622635364532,0.8842377662658691,4.57510232925415,4.889532089233398,1.1996663808822632,0.2936381101608276,0.7063618898391724,0.5953638553619385,0.4046361744403839,0.2860703766345978,0.7139295935630798,0.4669080972671509,0.5330919623374939
מזרח פרוע - Tuna,מזרח פרוע,Tuna,minor,4.360165596008301,0.0493542663753032,0.9506456851959229,4.33363151550293,4.393218994140625,1.0768736600875854,0.7055112719535828,0.294488787651062,0.8198233246803284,0.1801766157150268,0.4889728128910064,0.5110272169113159,0.4096229374408722,0.5903770327568054
שני ילדים בעולם - Nathan Goshen,שני ילדים בעולם,Nathan Goshen,major,4.295273303985596,0.060122724622488,0.9398773312568665,4.074985504150391,4.341723442077637,0.9728023409843444,0.139203667640686,0.8607962727546692,0.5438147783279419,0.4561852216720581,0.2247042208909988,0.7752957940101624,0.4558920264244079,0.5441080331802368
"יש לי חור בלב בצורה שלך - Girafot, אלמוג",יש לי חור בלב בצורה שלך,"Girafot, אלמוג",major,5.168705940246582,0.0815323293209075,0.9184677004814148,3.7902889251708975,3.8571507930755615,1.2866756916046145,0.3292681872844696,0.670731782913208,0.6747311949729919,0.325268805027008,0.3421098291873932,0.6578902006149292,0.4836802780628204,0.516319751739502
"אלבי - Doli & Penn, Zehava Ben, Avraham Tal",אלבי,"Doli & Penn, Zehava Ben, Avraham Tal",-9999,-9999.0,-9999.0,-9999.0,-9999.0,-9999.0,-9999.0,-9999.0,-9999.0,-9999.0,-9999.0,-9999.0,-9999.0,-9999.0,-9999.0
טרנטונה - Tuna,טרנטונה,Tuna,minor,5.070969104766846,0.1652282923460006,0.8347716927528381,3.768648147583008,3.884559154510498,1.0926944017410278,0.2351526618003845,0.7648472785949707,0.5246709585189819,0.4753290116786957,0.2960027754306793,0.7039972543716431,0.6011829972267151,0.3988170027732849
הנה את בוכה - Osher Cohen,הנה את בוכה,Osher Cohen,minor,5.534353733062744,0.1013339608907699,0.8986660242080688,3.7038474082946777,4.19823169708252,1.0420770645141602,0.1294883787631988,0.8705116510391235,0.472832590341568,0.5271673798561096,0.1265755295753479,0.8734244704246521,0.7146895527839661,0.2853104472160339
"עומס לב - Tuna, Dudu Tassa",עומס לב,"Tuna, Dudu Tassa",minor,3.1810691356658936,0.1453615874052047,0.8546384572982788,4.12733793258667,4.169186592102051,1.1155383586883545,0.3279662430286407,0.6720337271690369,0.8132638931274414,0.1867361217737198,0.4461292028427124,0.5538707971572876,0.5805983543395996,0.4194016456604004
ברחובות של תל אביב - Eden Ben Zaken,ברחובות של תל אביב,Eden Ben Zaken,major,4.124597549438477,0.1640923023223877,0.8359076976776123,4.880550384521484,4.94873571395874,1.4064819812774658,0.3860417902469635,0.6139581799507141,0.927723228931427,0.0722767859697341,0.6559931635856628,0.3440068066120147,0.3320362567901611,0.6679637432098389
לשוב הביתה - Ishay Ribo,לשוב הביתה,Ishay Ribo,major,4.351358890533447,0.1998134702444076,0.8001865148544312,5.260345935821533,5.502546310424805,1.263797402381897,0.3053798377513885,0.6946201324462891,0.9333530068397522,0.0666469931602478,0.6553518176078796,0.3446481823921203,0.2122321426868438,0.7877678275108337
עד מחר - Eviatar Banai,עד מחר,Eviatar Banai,major,3.5728418827056885,0.1324336528778076,0.8675662875175476,4.024466514587402,4.207134246826172,0.8873599171638489,0.1280049979686737,0.8719950318336487,0.5504149794578552,0.4495850205421448,0.2603852748870849,0.739614725112915,0.5095036625862122,0.4904963672161102
drivers license - Olivia Rodrigo,drivers license,Olivia Rodrigo,major,6.470742702484131,0.0167808309197425,0.9832192063331604,3.8184618949890137,4.749909400939941,1.0716817378997805,0.0902043208479881,0.9097956418991088,0.5628402829170227,0.4371596872806549,0.0698138251900672,0.9301862120628356,0.7494066953659058,0.2505933046340942
Astronaut In The Ocean - Masked Wolf,Astronaut In The Ocean,Masked Wolf,minor,3.5348901748657227,0.1135168820619583,0.8864831328392029,4.658021450042725,4.4229841232299805,1.098547101020813,0.8423333764076233,0.1576665788888931,0.8837020397186279,0.1162979751825332,0.6849696040153503,0.3150303959846496,0.3212208151817322,0.678779125213623
"עולם משוגע - Tuna, Ravid Plotnik",עולם משוגע,"Tuna, Ravid Plotnik",minor,3.005087852478028,0.1883534044027328,0.8116466403007507,3.800103664398194,4.302391529083252,1.1900051832199097,0.1669728755950927,0.8330271244049072,0.5742447972297668,0.4257551729679107,0.2595685422420501,0.7404314875602722,0.3804812431335449,0.6195188164710999
יהלום - Prod. By Triangle - Agam Buhbut,יהלום - Prod. By Triangle,Agam Buhbut,major,3.751586675643921,0.0718951672315597,0.9281048774719238,4.375900268554688,4.837181568145752,1.0603832006454468,0.1671380251646042,0.8328620195388794,0.816145122051239,0.183854877948761,0.4246135056018829,0.5753864645957947,0.221256747841835,0.7787432074546814
פסקול חיי - Omer Adam,פסקול חיי,Omer Adam,minor,5.477085590362549,0.1002928540110588,0.8997071981430054,4.947176933288574,4.814465045928955,1.0003291368484497,0.1891749650239944,0.8108250498771667,0.7660238742828369,0.233976125717163,0.4200824201107025,0.5799176096916199,0.3510778844356537,0.6489220857620239
Life Goes On - Oliver Tree,Life Goes On,Oliver Tree,minor,7.02796745300293,0.2437714785337448,0.7562285661697388,5.023496150970459,4.943109035491943,1.2140138149261477,0.7886423468589783,0.2113576382398605,0.8327553868293762,0.1672445982694625,0.6773025393486023,0.3226974904537201,0.1926722526550293,0.8073276877403259
"באור גדול - Eyal Golan, Eden Hason",באור גדול,"Eyal Golan, Eden Hason",major,5.158360958099365,0.1378767192363739,0.8621233105659485,4.194399356842041,4.1382832527160645,1.045222282409668,0.146008089184761,0.8539919257164001,0.5943395495414734,0.405660480260849,0.2777163088321686,0.7222837209701538,0.7457127571105957,0.2542872726917267
I Love You So - The Walters,I Love You So,The Walters,major,4.723165988922119,0.1387897282838821,0.8612102270126343,5.172990798950195,4.967986106872559,1.0248926877975464,0.3906219899654388,0.6093780398368835,0.9250997304916382,0.0749003365635871,0.7012913227081299,0.2987086772918701,0.4687989056110382,0.5312010645866394
דבש ותפוח - Tomer Yosef,דבש ותפוח,Tomer Yosef,minor,4.365694046020508,0.5027978420257568,0.4972021877765655,5.007502555847168,4.78633451461792,1.1803797483444214,0.7023938298225403,0.2976061999797821,0.9541898369789124,0.0458102077245712,0.7931363582611084,0.2068636864423751,0.2193934172391891,0.7806065678596497
"שובו של מרדכי - Tuna, Oshik Levy, Teddy Neguse",שובו של מרדכי,"Tuna, Oshik Levy, Teddy Neguse",minor,3.823796272277832,0.1914582252502441,0.8085417747497559,4.778295516967773,4.9994964599609375,1.1769611835479736,0.4947195053100586,0.5052804946899414,0.8301827907562256,0.1698171645402908,0.5447941422462463,0.4552059173583984,0.1666346192359924,0.8333654403686523
מבטיח - Eden Hason,מבטיח,Eden Hason,minor,6.212540626525879,0.0359325930476188,0.9640673995018004,4.30012321472168,5.236326217651367,1.110581874847412,0.1021730378270149,0.8978269100189209,0.5368782877922058,0.4631217122077942,0.072511538863182,0.9274884462356568,0.8706966638565063,0.1293033063411712
"רובינזון קרוזו - Static & Ben El, Ran Danker",רובינזון קרוזו,"Static & Ben El, Ran Danker",-9999,-9999.0,-9999.0,-9999.0,-9999.0,-9999.0,-9999.0,-9999.0,-9999.0,-9999.0,-9999.0,-9999.0,-9999.0,-9999.0,-9999.0
כל הזמן הזה - Ravid Plotnik,כל הזמן הזה,Ravid Plotnik,minor,4.737250804901123,0.3261040449142456,0.6738959550857544,5.340212821960449,5.076840400695801,1.051320195198059,0.3888936936855316,0.611106276512146,0.9105496406555176,0.08945032954216,0.6867914795875549,0.3132084906101227,0.1983655244112014,0.8016344904899597
"ואז את תראי - Doli & Penn, Dikla, Idan Rafael Haviv, Mark Eliyahu",ואז את תראי,"Doli & Penn, Dikla, Idan Rafael Haviv, Mark Eliyahu",-9999,-9999.0,-9999.0,-9999.0,-9999.0,-9999.0,-9999.0,-9999.0,-9999.0,-9999.0,-9999.0,-9999.0,-9999.0,-9999.0,-9999.0
"Levitating (feat. DaBaby) - Dua Lipa, DaBaby",Levitating (feat. DaBaby),"Dua Lipa, DaBaby",-9999,-9999.0,-9999.0,-9999.0,-9999.0,-9999.0,-9999.0,-9999.0,-9999.0,-9999.0,-9999.0,-9999.0,-9999.0,-9999.0,-9999.0
"בוקר טוב עולם - Doli & Penn, Anna Zak, Nasrin Kadri",בוקר טוב עולם,"Doli & Penn, Anna Zak, Nasrin Kadri",-9999,-9999.0,-9999.0,-9999.0,-9999.0,-9999.0,-9999.0,-9999.0,-9999.0,-9999.0,-9999.0,-9999.0,-9999.0,-9999.0,-9999.0
"Where Are You Now - Lost Frequencies, Calum Scott",Where Are You Now,"Lost Frequencies, Calum Scott",minor,5.782729625701904,0.0442745126783847,0.9557254910469056,4.293148994445801,5.022344589233398,1.1824829578399658,0.2203286737203598,0.7796713709831238,0.510327935218811,0.4896721243858337,0.1391467899084091,0.8608531951904297,0.5970708727836609,0.4029290974140167
Save Your Tears - The Weeknd,Save Your Tears,The Weeknd,major,3.968746900558472,0.2682519853115082,0.7317480444908142,4.903957843780518,4.757682800292969,1.2945369482040403,0.1826999336481094,0.8173000812530518,0.7858404517173767,0.2141594886779785,0.3740975558757782,0.6259024143218994,0.3323178589344024,0.6676821708679199
אנג'ל - Mergui,אנג'ל,Mergui,-9999,-9999.0,-9999.0,-9999.0,-9999.0,-9999.0,-9999.0,-9999.0,-9999.0,-9999.0,-9999.0,-9999.0,-9999.0,-9999.0,-9999.0
אל תעזבי ידיים - Akiva,אל תעזבי ידיים,Akiva,major,5.070513725280762,0.2654173970222473,0.7345826029777527,4.441611289978027,4.283487319946289,1.0186537504196167,0.3560327291488647,0.6439672708511353,0.7670855522155762,0.2329144775867462,0.5022969841957092,0.4977029860019684,0.4627614021301269,0.537238597869873
"עוד אחד ששר לך - Elai Botner, Guy Mazig",עוד אחד ששר לך,"Elai Botner, Guy Mazig",minor,2.365107536315918,0.2036318928003311,0.7963681221008301,4.253743171691895,4.270976066589356,1.2529124021530151,0.327108234167099,0.6728917956352234,0.5543313026428223,0.4456686973571777,0.37034672498703,0.6296532154083252,0.4115942120552063,0.5884057879447937
תמיד נשארת - Eyal Golan,תמיד נשארת,Eyal Golan,major,5.5023956298828125,0.1935600638389587,0.806439995765686,5.58262825012207,5.13752555847168,1.077008843421936,0.2886133193969726,0.7113866806030273,0.897881031036377,0.1021189615130424,0.6003983020782471,0.3996017277240753,0.3032629787921905,0.6967370510101318
Counting Stars - OneRepublic,Counting Stars,OneRepublic,major,4.963810443878174,0.0670300722122192,0.9329699277877808,4.999216079711914,4.982244968414307,1.0296627283096311,0.6808340549468994,0.3191659450531006,0.854116678237915,0.1458833068609237,0.7669339776039124,0.2330660074949264,0.2217435836791992,0.7782564163208008
"נחכה לך - Nathan Goshen, Ishay Ribo",נחכה לך,"Nathan Goshen, Ishay Ribo",major,5.812296390533447,0.0405887216329574,0.959411323070526,4.228130340576172,4.84426212310791,1.017062425613403,0.1288025975227356,0.8711974024772644,0.4362448751926422,0.5637550950050354,0.0805861800909042,0.9194137454032898,0.6381005048751831,0.3618995547294616
"As a Stone - Full Trunk, Sivan Talmor",As a Stone,"Full Trunk, Sivan Talmor",major,4.682938098907471,0.1755700707435608,0.824429988861084,4.071239471435547,4.039031505584717,1.1161540746688845,0.1095435470342636,0.8904564380645752,0.5532347559928894,0.4467652142047882,0.2756046652793884,0.7243953347206116,0.6116051077842712,0.3883948624134063
מישהו איתי כאן - Benaia Barabi,מישהו איתי כאן,Benaia Barabi,major,3.9670255184173584,0.1921512335538864,0.8078487515449524,6.312549114227295,5.609063148498535,1.1303211450576782,0.5521296858787537,0.4478702843189239,0.9737367630004884,0.0262632016092538,0.7904621362686157,0.2095378786325454,0.1563633680343628,0.8436366319656372
לא רואה - Roy Sopher,לא רואה,Roy Sopher,major,4.889470100402832,0.0466617047786712,0.9533383250236512,4.167991161346436,4.4083757400512695,1.192164421081543,0.6225680708885193,0.3774319291114807,0.790562093257904,0.2094378620386123,0.4527665376663208,0.5472334623336792,0.41326904296875,0.5867310166358948
"שושנים עצובות (ישראל בידור) - Eden Hason, Jasmin Moallem, Israel Bidur",שושנים עצובות (ישראל בידור),"Eden Hason, Jasmin Moallem, Israel Bidur",-9999,-9999.0,-9999.0,-9999.0,-9999.0,-9999.0,-9999.0,-9999.0,-9999.0,-9999.0,-9999.0,-9999.0,-9999.0,-9999.0,-9999.0
"Dale Mami - Omer Adam, Nicky Jam",Dale Mami,"Omer Adam, Nicky Jam",major,4.3094329833984375,0.1342222243547439,0.8657777309417725,4.724208831787109,5.0340681076049805,1.495198369026184,0.704811155796051,0.2951888740062713,0.8417895436286926,0.1582103967666626,0.6871395111083984,0.3128604888916015,0.1510276943445205,0.8489723205566406
"The Motto - Tiësto, Ava Max",The Motto,"Tiësto, Ava Max",minor,4.300196170806885,0.0823019593954086,0.9176980257034302,4.896881103515625,5.120903968811035,1.2522249221801758,0.4860698580741882,0.5139302015304565,0.7470194101333618,0.2529806494712829,0.4206666946411133,0.5793333053588867,0.4142183661460876,0.5857816338539124
"כוסות ריקות - Static & Ben El, Lior Narkis",כוסות ריקות,"Static & Ben El, Lior Narkis",-9999,-9999.0,-9999.0,-9999.0,-9999.0,-9999.0,-9999.0,-9999.0,-9999.0,-9999.0,-9999.0,-9999.0,-9999.0,-9999.0,-9999.0
אין יותר מועדונים - Eden Hason,אין יותר מועדונים,Eden Hason,major,3.5107409954071045,0.1309695094823837,0.8690304756164551,4.856039047241211,4.6440935134887695,1.1827638149261477,0.412710040807724,0.5872899889945984,0.8204609155654907,0.179539144039154,0.55409175157547,0.44590824842453,0.3427912294864654,0.6572088003158569
"ממה את מפחדת - Eyal Golan, Benaia Barabi",ממה את מפחדת,"Eyal Golan, Benaia Barabi",major,5.2070722579956055,0.1147653087973594,0.8852347135543823,5.413233757019043,4.935297012329102,1.0368582010269165,0.6627335548400879,0.3372665047645569,0.9281986355781556,0.0718013867735862,0.8366559743881226,0.1633440256118774,0.1446479260921478,0.8553520441055298
נשמה שלי - Idan Rafael Haviv,נשמה שלי,Idan Rafael Haviv,major,5.020899295806885,0.2726558148860931,0.7273441553115845,4.457289695739746,4.468750953674316,1.0256898403167725,0.2499113380908966,0.7500886917114258,0.6659621000289917,0.3340378701686859,0.4456126093864441,0.5543873310089111,0.3520675599575043,0.6479324698448181
"Leave The Door Open - Bruno Mars, Anderson .Paak, Silk Sonic",Leave The Door Open,"Bruno Mars, Anderson .Paak, Silk Sonic",major,4.684963226318359,0.00596843380481,0.9940316081047058,3.616345405578613,4.599686622619629,1.1374176740646362,0.0422057174146175,0.9577943086624146,0.36111781001091,0.6388821601867676,0.0241020079702138,0.9758979678153992,0.8338270783424377,0.1661729514598846
Let Her Go - Passenger,Let Her Go,Passenger,major,6.130664825439453,0.1993434131145477,0.8006566166877747,4.504876613616943,4.547735214233398,1.0711771249771118,0.1859202235937118,0.8140797019004822,0.7385474443435669,0.2614525556564331,0.4359370172023773,0.5640629529953003,0.5877993106842041,0.4122006893157959
Oh My God - Adele,Oh My God,Adele,major,4.312130928039551,0.1357748955488205,0.8642250895500183,5.82379150390625,5.379413604736328,1.133918285369873,0.2501004040241241,0.7498996257781982,0.924350082874298,0.0756499096751213,0.605577826499939,0.3944221436977386,0.2973781526088714,0.7026218771934509
ג'וני - Bar Tzabary,ג'וני,Bar Tzabary,-9999,-9999.0,-9999.0,-9999.0,-9999.0,-9999.0,-9999.0,-9999.0,-9999.0,-9999.0,-9999.0,-9999.0,-9999.0,-9999.0,-9999.0
"מועבט - Eden Ben Zaken, Itay Galo",מועבט,"Eden Ben Zaken, Itay Galo",major,5.354083061218262,0.1239061877131462,0.8760938048362732,3.969515562057495,4.109825134277344,1.3393330574035645,0.3969988822937011,0.6030011177062988,0.630104124546051,0.3698959052562713,0.426622599363327,0.5733774304389954,0.4810391068458557,0.5189608931541443
"הטוב, הרע ואחותך - Tuna, Shalom Hanoch","הטוב, הרע ואחותך","Tuna, Shalom Hanoch",minor,4.378818988800049,0.3310140967369079,0.668985903263092,4.287317276000977,4.5651631355285645,1.1339846849441528,0.1315072476863861,0.8684927225112915,0.5072251558303833,0.4927749037742615,0.2317765057086944,0.7682235240936279,0.5411913394927979,0.4588086307048797
כאלו מילים - Tomer Yosef,כאלו מילים,Tomer Yosef,minor,4.485391139984131,0.1374024897813797,0.8625975251197815,5.376585960388184,5.130218029022217,1.2544264793395996,0.3250448107719421,0.6749551892280579,0.8663848042488098,0.1336152404546737,0.4338943064212799,0.5661057233810425,0.5016284584999084,0.4983715713024139
"בסיבוב - Tuna, Tzlil Danin",בסיבוב,"Tuna, Tzlil Danin",major,3.56874942779541,0.2683848738670349,0.7316151857376099,4.740598678588867,4.5061235427856445,1.191491961479187,0.6889409422874451,0.3110590875148773,0.9150428771972656,0.0849570706486702,0.7988978624343872,0.2011021673679351,0.1978854387998581,0.8021145462989807
"שלמים - מתוך חזרות למופע NEXT - Omer Adam, Idan Rafael Haviv",שלמים - מתוך חזרות למופע NEXT,"Omer Adam, Idan Rafael Haviv",major,4.314108848571777,0.1693892180919647,0.8306107521057129,4.702280044555664,4.659352779388428,1.0026743412017822,0.3081631362438202,0.6918368935585022,0.8440261483192444,0.1559738516807556,0.4821715652942657,0.5178284645080566,0.3417593240737915,0.6582406759262085
כלבויניקית - E-Z,כלבויניקית,E-Z,minor,3.659567832946777,0.2856790721416473,0.714320957660675,5.516515731811523,5.16055965423584,1.159916639328003,0.4104894697666168,0.5895105600357056,0.9313036799430848,0.068696305155754,0.6766079664230347,0.3233920335769653,0.2377605587244033,0.762239396572113
The Nights - Avicii,The Nights,Avicii,major,3.20190954208374,0.2284570038318634,0.7715429663658142,4.792599678039551,4.755622386932373,1.0397776365280151,0.4695047736167907,0.530495285987854,0.875742495059967,0.1242574527859687,0.4971203207969665,0.5028796792030334,0.4286076128482818,0.5713923573493958
Believer - Imagine Dragons,Believer,Imagine Dragons,minor,3.776824712753296,0.1175586059689521,0.8824414014816284,4.9016313552856445,5.086724758148193,1.0744613409042358,0.806906521320343,0.1930935382843017,0.8806411623954773,0.1193588152527809,0.7732418775558472,0.2267581522464752,0.2998535335063934,0.7001464366912842
Can I Get It - Adele,Can I Get It,Adele,minor,2.992874383926392,0.0921206027269363,0.9078794121742249,5.618436813354492,5.136507987976074,1.1445220708847046,0.4387837946414947,0.5612162351608276,0.9783515334129332,0.0216484423726797,0.7091942429542542,0.2908057570457458,0.4714084267616272,0.5285915732383728
Ghost - Justin Bieber,Ghost,Justin Bieber,major,7.602490425109863,0.0492145046591758,0.9507854580879213,4.149961471557617,4.918937683105469,0.9971068501472472,0.2557571828365326,0.7442428469657898,0.5502828359603882,0.4497171938419342,0.1627779155969619,0.8372220993041992,0.6439759135246277,0.3560240864753723
חולם כמו יוסף - Hanan Ben Ari,חולם כמו יוסף,Hanan Ben Ari,major,5.5952863693237305,0.0077231582254171,0.9922768473625184,3.658611536026001,4.616024494171143,1.186553120613098,0.0630130022764206,0.936987042427063,0.4293368756771087,0.5706631541252136,0.0409967936575412,0.959003210067749,0.8371264338493347,0.1628735214471817
"על מה בנות חושבות בלילה - Omer Adam, Doli & Penn",על מה בנות חושבות בלילה,"Omer Adam, Doli & Penn",-9999,-9999.0,-9999.0,-9999.0,-9999.0,-9999.0,-9999.0,-9999.0,-9999.0,-9999.0,-9999.0,-9999.0,-9999.0,-9999.0,-9999.0
לומדת ללכת - Nasrin Kadri,לומדת ללכת,Nasrin Kadri,major,5.981461524963379,0.1311247497797012,0.8688752055168152,4.5016188621521,4.671621799468994,1.0937552452087402,0.2557060122489929,0.7442939281463623,0.6548218131065369,0.3451781868934631,0.385875940322876,0.614124059677124,0.4503114223480224,0.5496885776519775
איך אפשר - Jane Bordeaux,איך אפשר,Jane Bordeaux,major,4.7629594802856445,0.0202642045915126,0.9797358512878418,3.770790100097656,4.660609245300293,1.147783875465393,0.0713381096720695,0.9286618232727052,0.4803972244262695,0.5196027755737305,0.0624356865882873,0.9375643134117126,0.6839673519134521,0.3160325884819031
מה איתך אבא - Odeya,מה איתך אבא,Odeya,major,5.0064377784729,0.0502681545913219,0.9497318267822266,4.32661247253418,4.578318595886231,1.2241116762161257,0.6240332126617432,0.3759667873382568,0.7246875762939453,0.2753124237060547,0.4876555204391479,0.512344479560852,0.3666354119777679,0.6333646178245544
אחד לסבתא - Tuna,אחד לסבתא,Tuna,minor,4.04756498336792,0.108904592692852,0.8910953998565674,4.845668792724609,5.229531288146973,1.214224338531494,0.5260439515113831,0.4739560186862945,0.6883224248886108,0.3116776049137115,0.4879150688648224,0.5120849013328552,0.4103913605213165,0.5896086692810059
"עברתי רק כדי לראות - Tomer Yosef, Ben Hendler",עברתי רק כדי לראות,"Tomer Yosef, Ben Hendler",minor,3.2145707607269287,0.0977184101939201,0.902281641960144,4.285083293914795,4.327598571777344,1.2127654552459717,0.3379027843475342,0.6620972752571106,0.6703968644142151,0.3296031355857849,0.3888918161392212,0.6111081838607788,0.3619361221790313,0.638063907623291
Alien - Dennis Lloyd,Alien,Dennis Lloyd,major,5.597490310668945,0.0572398751974105,0.9427601099014282,4.11351203918457,4.991113662719727,1.3157213926315308,0.2026640325784683,0.7973359227180481,0.536543071269989,0.4634569883346557,0.1320690661668777,0.8679309487342834,0.6666094660758972,0.3333905935287475
תשע נשמות - Carakukly,תשע נשמות,Carakukly,minor,7.564902305603027,0.0483369715511798,0.9516630172729492,5.148636817932129,5.256178855895996,0.9499878287315368,0.6203468441963196,0.379653126001358,0.8385770320892334,0.1614230126142501,0.6508750915527344,0.3491249084472656,0.3442911505699157,0.6557088494300842
Someone You Loved - Lewis Capaldi,Someone You Loved,Lewis Capaldi,major,4.542011260986328,0.1725365668535232,0.8274633884429932,4.845536231994629,4.820842742919922,1.0137701034545898,0.2782130539417267,0.7217869758605957,0.8294678926467896,0.1705320626497268,0.4768153727054596,0.5231846570968628,0.3945274949073791,0.6054724454879761
אפטרפארק - Tuna,אפטרפארק,Tuna,major,3.484007835388184,0.1319759488105774,0.8680240511894226,4.666386604309082,4.532486915588379,1.2454975843429563,0.6477715373039246,0.3522284030914306,0.906897246837616,0.0931027233600616,0.7301461100578308,0.2698538899421692,0.4135685265064239,0.5864315032958984
"אור הירח - Jasmin Moallem, Tuna",אור הירח,"Jasmin Moallem, Tuna",major,4.322822093963623,0.0709185749292373,0.929081380367279,4.14670991897583,4.333763599395752,1.114259123802185,0.2191789299249649,0.7808211445808411,0.551758348941803,0.4482417106628418,0.2869527637958526,0.713047206401825,0.4506238102912903,0.5493761897087097
שממה - Ori Ben Ari,שממה,Ori Ben Ari,major,4.618425369262695,0.1069073602557182,0.8930925726890564,4.314644813537598,4.834350109100342,1.1524440050125122,0.0719577074050903,0.9280423521995544,0.6022178530693054,0.3977821469306946,0.1698101609945297,0.8301898837089539,0.550076961517334,0.4499230086803436
י'א 2 - Tuna,י'א 2,Tuna,-9999,-9999.0,-9999.0,-9999.0,-9999.0,-9999.0,-9999.0,-9999.0,-9999.0,-9999.0,-9999.0,-9999.0,-9999.0,-9999.0,-9999.0
חלק מהזמן - Idan Amedi,חלק מהזמן,Idan Amedi,minor,4.060614585876465,0.2711388170719147,0.7288612127304077,4.363753318786621,4.474061965942383,0.9491687417030334,0.3638073205947876,0.6361926794052124,0.8168092966079712,0.183190643787384,0.513410210609436,0.4865897893905639,0.3478360474109649,0.6521639823913574
"מעליות - Dudu Tassa, Roni Alter",מעליות,"Dudu Tassa, Roni Alter",major,5.197248458862305,0.0703758522868156,0.9296241998672484,5.537541389465332,5.32695198059082,0.9886647462844848,0.1164567768573761,0.8835432529449463,0.8272823095321655,0.172717660665512,0.3403487205505371,0.6596512794494629,0.4106526970863342,0.5893473029136658
מסע - Eliad,מסע,Eliad,major,4.333082675933838,0.005303107202053,0.994696855545044,3.636138916015625,4.729698181152344,1.6243491172790527,0.0359648987650871,0.9640350937843324,0.3524999916553497,0.6474999785423279,0.0193193312734365,0.9806806445121764,0.8500523567199707,0.1499476283788681
תתארו לכם - Shlomo Artzi,תתארו לכם,Shlomo Artzi,major,3.153914451599121,0.1991163343191146,0.8008837103843689,4.944740295410156,4.648990631103516,1.1326825618743896,0.4523592591285705,0.5476408004760742,0.8979334235191345,0.1020665690302848,0.64994215965271,0.35005784034729,0.3900654017925262,0.6099345684051514
כל הדברים היפים באמת - Daniela Spector,כל הדברים היפים באמת,Daniela Spector,minor,4.426796436309815,0.005968437064439,0.9940316081047058,3.616345643997192,4.599686622619629,1.1092097759246826,0.0422056950628757,0.9577943086624146,0.36111781001091,0.6388822197914124,0.0241020191460847,0.9758979678153992,0.8338269591331482,0.166172981262207
סתם שני אנשים - Roni Dalumi,סתם שני אנשים,Roni Dalumi,minor,4.520902156829834,0.1313418596982956,0.8686581254005432,4.548043251037598,4.7723588943481445,0.9396284222602844,0.6559717655181885,0.3440282642841339,0.8486322164535522,0.1513677686452865,0.5935761332511902,0.406423807144165,0.1321198642253875,0.86788010597229
סיבובים - Eden Hason,סיבובים,Eden Hason,minor,4.311471462249756,0.2350866645574569,0.7649133205413818,4.948094367980957,5.008729457855225,1.3619979619979858,0.647630512714386,0.3523695170879364,0.936031937599182,0.0639680922031402,0.7041335105895996,0.295866459608078,0.3599550127983093,0.6400450468063354
סגול בהיר - Mergui,סגול בהיר,Mergui,major,6.752005100250244,0.1677085161209106,0.8322914242744446,5.200538635253906,5.008563995361328,0.9466501474380492,0.5136654376983643,0.4863345324993133,0.8542278409004211,0.1457721590995788,0.7024827003479004,0.297517329454422,0.1095490381121635,0.8904509544372559
"להאמין - Doli & Penn, Idan Raichel",להאמין,"Doli & Penn, Idan Raichel",-9999,-9999.0,-9999.0,-9999.0,-9999.0,-9999.0,-9999.0,-9999.0,-9999.0,-9999.0,-9999.0,-9999.0,-9999.0,-9999.0,-9999.0
Take Me To Church - Hozier,Take Me To Church,Hozier,minor,3.202228546142578,0.00596843380481,0.9940316081047058,3.616345405578613,4.599686622619629,1.0236332416534424,0.0422057174146175,0.9577943086624146,0.36111781001091,0.6388821601867676,0.0241020079702138,0.9758979678153992,0.8338270783424377,0.1661729514598846
לבחור נכון - Amir Dadon,לבחור נכון,Amir Dadon,minor,6.390800952911377,0.1144242063164711,0.8855758309364319,4.861762046813965,4.9836273193359375,0.991977035999298,0.7524334192276001,0.2475665360689163,0.8539328575134277,0.1460670828819275,0.6570645570755005,0.3429354429244995,0.173830896615982,0.8261691331863403
"Oh My Life - ECHO, Tomer Katz, D Fine Us",Oh My Life,"ECHO, Tomer Katz, D Fine Us",minor,4.723028182983398,0.0452303513884544,0.9547696709632874,4.175704002380371,4.395284652709961,1.0791343450546265,0.2601149976253509,0.7398849725723267,0.6053482890129089,0.3946516513824463,0.2397916316986084,0.7602083683013916,0.4823217391967773,0.5176782608032227
"חתולים - Jimbo J, Ravid Plotnik",חתולים,"Jimbo J, Ravid Plotnik",minor,4.271243572235107,0.2424538284540176,0.7575461864471436,3.9269356727600098,4.491452217102051,1.0984758138656616,0.1930915862321853,0.806908369064331,0.594136655330658,0.405863344669342,0.2449595630168914,0.7550404667854309,0.4408784806728363,0.5591214895248413
"Mood (feat. iann dior) - 24kGoldn, iann dior",Mood (feat. iann dior),"24kGoldn, iann dior",-9999,-9999.0,-9999.0,-9999.0,-9999.0,-9999.0,-9999.0,-9999.0,-9999.0,-9999.0,-9999.0,-9999.0,-9999.0,-9999.0,-9999.0
The Real Slim Shady - Eminem,The Real Slim Shady,Eminem,minor,3.81463885307312,0.00596843380481,0.9940316081047058,3.616345405578613,4.599686622619629,1.77443528175354,0.0422057174146175,0.9577943086624146,0.36111781001091,0.6388821601867676,0.0241020079702138,0.9758979678153992,0.8338270783424377,0.1661729514598846
עשר אפס לך - Adir Getz,עשר אפס לך,Adir Getz,major,4.664641857147217,0.0029353871941566,0.9970646500587464,3.26155424118042,4.4714837074279785,1.0367491245269775,0.0521143749356269,0.9478856325149536,0.3798370063304901,0.6201629638671875,0.0192544590681791,0.9807455539703368,0.8173998594284058,0.1826000809669494
וי כחול - Eyal Golan,וי כחול,Eyal Golan,minor,4.540476322174072,0.0097696892917156,0.9902302622795104,3.665360450744629,4.3173828125,1.4972048997879028,0.0802649110555648,0.9197351336479188,0.3177194893360138,0.6822804808616638,0.0462548062205314,0.9537452459335328,0.7466895580291748,0.2533103823661804
יהלומים - BLING BLING - Noa Kirel,יהלומים - BLING BLING,Noa Kirel,minor,3.223579168319702,0.1976655125617981,0.8023345470428467,4.738770484924316,4.705930233001709,1.25702702999115,0.55362868309021,0.44637131690979,0.9203858375549316,0.0796141698956489,0.6959419846534729,0.3040580153465271,0.22952501475811,0.7704749703407288
"באת לי פתאום - Keren Peles, Roni Alter",באת לי פתאום,"Keren Peles, Roni Alter",major,4.878143310546875,0.1104641035199165,0.8895359039306641,4.578447341918945,5.0869245529174805,1.0769625902175903,0.5844521522521973,0.4155477881431579,0.8170364499092102,0.1829635798931121,0.4568992257118225,0.5431007742881775,0.2328778058290481,0.767122209072113
"Sunflower - Spider-Man: Into the Spider-Verse - Post Malone, Swae Lee",Sunflower - Spider-Man: Into the Spider-Verse,"Post Malone, Swae Lee",major,4.043888092041016,0.1382519900798797,0.8617479801177979,4.599724769592285,4.761153221130371,1.251543641090393,0.4809054434299469,0.5190945267677307,0.7297170162200928,0.2702829837799072,0.5128512382507324,0.4871487915515899,0.2024810165166854,0.7975190281867981
Do I Wanna Know? - Arctic Monkeys,Do I Wanna Know?,Arctic Monkeys,major,4.633191108703613,0.0428588949143886,0.9571411609649658,4.63111686706543,4.738646984100342,1.1140074729919434,0.0198276881128549,0.980172336101532,0.6599839329719543,0.3400161266326904,0.145655944943428,0.8543440699577332,0.5186982750892639,0.4813017249107361
Riptide - Vance Joy,Riptide,Vance Joy,major,3.611970901489258,0.1692698001861572,0.8307301998138428,4.62220573425293,4.519580841064453,1.0055142641067505,0.2243208736181259,0.7756791114807129,0.7987511157989502,0.2012489140033722,0.4781027734279632,0.5218972563743591,0.3469613790512085,0.6530386805534363
MONEY - LISA,MONEY,LISA,minor,4.180412769317627,0.1452227532863617,0.8547772765159607,4.907722473144531,4.633887767791748,0.9936661124229432,0.3292599618434906,0.670740008354187,0.8485053181648254,0.1514946818351745,0.6494173407554626,0.3505826890468597,0.4040600657463074,0.5959399342536926
פרפרים - Carakukly,פרפרים,Carakukly,major,4.916543006896973,0.1642476916313171,0.8357523083686829,5.504759788513184,5.214987754821777,1.1242010593414309,0.1969697624444961,0.803030252456665,0.8648992776870728,0.1351006627082824,0.4991365373134613,0.5008634924888611,0.3493389189243316,0.6506611108779907
מה בלילות - Bar Tzabary,מה בלילות,Bar Tzabary,major,4.961104393005371,0.1294593065977096,0.8705407381057739,4.076224327087402,4.393973350524902,0.9757609367370604,0.4117848575115204,0.588215172290802,0.7061845660209656,0.2938154637813568,0.2801074981689453,0.7198925018310547,0.4669235348701477,0.5330764651298523
Why'd You Only Call Me When You're High? - Arctic Monkeys,Why'd You Only Call Me When You're High?,Arctic Monkeys,major,4.368340492248535,0.005968433804810047,0.9940316081047058,3.6163454055786133,4.599686622619629,1.1296085119247437,0.04220571741461754,0.9577943086624146,0.36111781001091003,0.6388821601867676,0.02410200797021389,0.9758979678153992,0.8338270783424377,0.16617295145988464
"Beautiful Mistakes (feat. Megan Thee Stallion) - Maroon 5, Megan Thee Stallion",Beautiful Mistakes (feat. Megan Thee Stallion),"Maroon 5, Megan Thee Stallion",-9999,-9999,-9999,-9999,-9999,-9999,-9999,-9999,-9999,-9999,-9999,-9999,-9999,-9999,-9999
הבלדה למחלקה להלבשה תחתונה - Mercedes Band,הבלדה למחלקה להלבשה תחתונה,Mercedes Band,major,2.7440781593322754,0.11797364801168442,0.8820263743400574,4.4694342613220215,4.974669933319092,1.138390064239502,0.2567300498485565,0.7432699203491211,0.7187448143959045,0.28125518560409546,0.3240874409675598,0.675912618637085,0.6011967062950134,0.39880335330963135
Take You Dancing - Jason Derulo,Take You Dancing,Jason Derulo,major,2.4956347942352295,0.3148597776889801,0.6851402521133423,3.9980897903442383,4.370342254638672,1.1706451177597046,0.11224836111068726,0.8877516984939575,0.492756187915802,0.5072438716888428,0.2512655258178711,0.7487345337867737,0.3528303802013397,0.6471696496009827
מתגעגעת - Nathan Goshen,מתגעגעת,Nathan Goshen,major,5.313466548919678,0.21852707862854004,0.7814728617668152,5.51992130279541,5.056143283843994,0.9852054715156555,0.3798254430294037,0.6201745867729187,0.9410693049430847,0.058930668979883194,0.6582635641098022,0.34173643589019775,0.27887967228889465,0.721120297908783
Dark Red - Steve Lacy,Dark Red,Steve Lacy,minor,4.717144012451172,0.005968437064439058,0.9940316081047058,3.6163456439971924,4.599686622619629,1.3138507604599,0.04220569506287575,0.9577943086624146,0.36111781001091003,0.6388822197914124,0.024102019146084785,0.9758979678153992,0.8338269591331482,0.16617298126220703
"Shallow - Lady Gaga, Bradley Cooper",Shallow,"Lady Gaga, Bradley Cooper",major,4.508293151855469,0.15171566605567932,0.8482843041419983,5.295251846313477,4.8666887283325195,0.9391329884529114,0.28140702843666077,0.7185930013656616,0.8733055591583252,0.1266944408416748,0.567609965801239,0.432390034198761,0.2592533528804779,0.7407466769218445
"חיים מאושרים - Nathan Goshen, Eden Ben Zaken",חיים מאושרים,"Nathan Goshen, Eden Ben Zaken",minor,4.206666946411133,0.18641209602355957,0.8135879039764404,4.833566188812256,4.808008670806885,1.1019680500030518,0.3165978491306305,0.6834021210670471,0.8639240860939026,0.13607583940029144,0.6017677187919617,0.39823225140571594,0.25907209515571594,0.7409279346466064
Wake Me Up - Avicii,Wake Me Up,Avicii,major,4.653785228729248,0.19159334897994995,0.80840665102005,4.632854461669922,4.5480217933654785,0.9943951368331909,0.30186304450035095,0.6981369256973267,0.7936016917228699,0.20639832317829132,0.529546856880188,0.4704531729221344,0.3459120988845825,0.6540879011154175
"Powerful - Red Band, Full Trunk",Powerful,"Red Band, Full Trunk",minor,4.974242687225342,0.19797328114509583,0.8020266890525818,4.998510360717773,4.775005340576172,1.1230864524841309,0.4612540006637573,0.5387459993362427,0.8861539363861084,0.1138460636138916,0.6717893481254578,0.32821062207221985,0.3125125467777252,0.6874874830245972
Yellow - Coldplay,Yellow,Coldplay,major,3.0496044158935547,0.005968437064439058,0.9940316081047058,3.616345167160034,4.599686622619629,1.0109390020370483,0.04220571741461754,0.9577943086624146,0.36111781001091003,0.6388822197914124,0.024102019146084785,0.9758979678153992,0.8338269591331482,0.16617301106452942
